,Open,High,Low,Close,Volume
0,0.019855452601566962,0.013085012497325908,0.014719364667806075,-0.0029985406097533676,0.3819880456075134
1,-0.008186980503714851,-0.010401794019153485,-0.005270310801994334,0.005614015037592203,-0.39344725202833775
2,0.010922166737353222,0.0012951877793118004,0.001311999245615014,-0.00832419516148226,-0.03662083492738094
3,-0.008215145303853259,-0.004278606965174623,-0.011237633315105317,-0.0004021110912721738,0.3282123172318763
4,-0.00311242978137431,-0.001448945737982764,0.009173782817439824,0.0018102278234075895,-0.3682940271679028
5,0.004431503676102338,0.007605643928721699,0.0027776375491684584,0.00010040656729306295,0.46530114161239994
6,0.0004010026912256129,0.009981665788979082,0.00025183320410537645,0.019473043914680816,0.12493578867078645
7,0.017941285674703246,0.0037859572468099656,0.019686843562763137,0.00359373792952714,-0.16297203426183476
8,-0.001427707787076623,0.0038697625812279795,-0.0008888405907794413,0.0032865692141668,-0.1965754387125042
9,0.007888339989154954,0.013711310359885823,0.007709775777596692,0.014423292426538737,0.19977365672985492
10,0.014332574057919116,0.003513819494586204,0.015448808845465229,-0.0015422788035921481,-0.24792693907301766
11,-0.0025559413580256555,-0.0034535687539073955,-0.009321458404801789,-0.009075130158811723,0.057158820108775564
12,-0.00933137359183755,-0.013284540109442997,-0.014625585308610987,-0.0047739477786432494,0.005710988394668996
13,-0.002440214834172641,0.004731707317071634,0.008608767239437307,0.0015173567984846524,0.190657994219558
14,-0.006555753681243015,-0.012477584114192086,-0.023300304130286192,-0.019256145838425703,1.0957229775678132
15,0.033586172236507054,0.058554594240103695,0.050826156395962864,0.04908558329596066,0.39308991745979927
16,-0.00019062320963389616,-0.012354298682910254,-0.00525733413482528,-0.006507752108917473,-0.5064378741672102
17,0.005003831586042906,-0.003809057279436837,0.010089809059918771,0.012431308149418176,-0.34703700115325864
18,-0.03129597420455952,-0.014161631687341978,-0.032012539257243906,-0.015442757969304355,0.5528661139936054
19,0.007783112547184831,-0.006799444681087781,-0.013120393120392659,-0.026957003587048858,0.19482108676421103
20,-0.01933170741535399,-0.010027981872527968,0.004580988896081629,0.00019714088533886282,-0.32051119991125726
21,-0.00742942079957829,-0.01782411644733765,-0.025229224287483747,-0.01074416996526926,0.32533267525959164
22,-0.014870220154502957,-0.014032051330110951,-0.019780331134338608,-0.017636548425669717,0.18047415250110252
23,-0.049184439266537,-0.04712100388751015,-0.05146026764620311,-0.05811944652071839,0.3936523112837833
24,-0.0069255977017473385,0.0011610724332075928,0.014000524407962739,0.01583030368296369,-0.3639331645499089
25,-0.0007510326538055043,0.010806557950586958,0.003290005861818314,0.011979200424484405,-0.2733392280801649
26,0.019541525322564153,0.0037548891786176857,0.015159616919479334,-0.004399748585793031,0.24436893240458546
27,-0.01569170626735604,-0.008157156959526457,-0.011014615780865827,-0.005681818181820478,-0.004610764303057655
28,-0.01824205930528062,-0.034311075298525305,-0.03469691657093223,-0.031269862433861914,0.1743721695545201
29,0.009263273555726521,0.019799250564718453,0.024517395163078833,0.01917096551796442,-0.26539470583207925
30,-0.0030234099989201128,-0.012180808510637452,-0.011640455043647559,-0.020471638993714417,0.0487858190433205
31,-0.026318639091985375,-0.027839188935905434,-0.025965532161809277,-0.01706967939599697,0.2279468613649042
32,0.002224649561188929,0.008862346687156493,0.004555424431819602,-0.0038406099556791795,-0.3508104364393901
33,-0.0071031966060640436,-0.008509959371913121,-0.003974874123275492,-0.004134793540816732,0.17851796564999742
34,-0.013972725240331503,-0.006866316116424056,-0.01073578751648029,-0.00476907377588635,0.0190709956276262
35,0.008672463439518911,-0.0006691496774291544,0.0038068181818189245,0.005186604911790328,-0.255003300422736
36,-0.009665636631988467,-0.006918440147706412,-0.009509231901283699,-0.018115512773626528,0.27453530897711625
37,-0.0035748057328454977,-0.0003933029857141084,-0.026972969267431975,-0.010110264003644415,0.49373973879217126
38,-0.0009111844687398049,0.010735161870502944,0.024960356493559124,0.03658393452777884,-0.23339134223353272
39,0.05038757295058247,0.028693788578104187,0.03793259138362262,0.01614335337341602,-0.038575303539136
40,-0.006511829824182684,0.0025947131716370967,0.005575753560780359,0.014681758066471953,-0.24340854588323793
41,0.018734957395674285,0.034776513721893165,0.01987379719456639,0.026616952812870392,0.3621588987095064
42,0.028416707488427978,0.017976219258025672,0.03149050909209259,0.012779427305998896,-0.14546479644379615
43,0.015901173367422278,0.003224671202840529,0.010333013471100312,0.011579582511164768,0.027153911574356412
44,-0.004670040028740692,-0.00015306122449110652,-0.0010847520212929368,-0.0031825471625200196,-0.32227127416653983
45,0.0038669761045011086,0.004184273103025459,0.0010859299860377781,-0.0002060456211753183,0.18744110621699167
46,-0.016178695761247384,-0.016260969206198822,-0.01704547450225184,-0.007262364450674828,-0.134401557583531
47,0.007047705412733882,0.007076873951691189,0.009826568369384576,0.005966566234998336,-0.21812754843695956
48,0.01632976739574021,0.027338858131356076,0.01581936826767966,0.023518469235132653,0.809995159893931
49,0.01851562318764362,-0.002046971972519709,0.010757583699295178,-0.002922650600606211,-0.20439154834092874
50,0.003455549016646827,0.0036521712296925407,0.0036491004743609695,0.008035639723769519,0.01845276980903223
51,-0.007835464547295168,0.0011963910074291346,0.0006059283946885166,-0.00340924482465529,1.2218369433857046
52,-0.0013079074183529086,-0.0034354193304288404,0.0001009740136638805,-0.0010061374383748816,-0.6188248683070925
53,-0.0005540445473549839,-0.00449644275586595,-0.014533017106523879,-0.01515757880954641,0.15641259247876033
54,-0.0033260496225806504,0.0086821641811121,0.010548497538983488,0.021629062877574882,0.23716795679226196
55,0.01274201319225313,0.002885735551307042,0.011249049455321163,-0.0003003002942888626,-0.19824685911575723
56,-0.008038344721687976,-0.010269424606065685,-0.012627167905911703,-0.009111865242577533,0.4885668215333229
57,0.022599195594893935,0.025012551378445817,0.01826941348349296,0.018340763945027778,-0.12399632279673163
58,-0.008662676576265212,-0.006650691835284381,0.0035385398869092243,0.00585458683493749,-0.3785931824019367
59,0.009284523920669441,0.006449071895849945,0.006605105284068917,0.00828692365781127,-0.3290897066465117
60,0.0003443919716634472,0.003130483210124416,0.0010360057025805116,-0.0008806222615224787,0.519582819926068
61,-0.012490837964461841,-0.017944255900136884,-0.022129069379165638,-0.02061397484432249,0.46758564767889765
62,-0.008017529167222976,0.0005461966453324044,0.0020159870567822346,0.006099389939017866,-0.18787936192212681
63,0.013303273359501789,0.011016823205136243,0.0138323024763798,0.009888650171165634,-0.13027991058411906
64,0.007233034144840625,0.0032396014968744022,0.0007442548272338291,-0.007282369872211049,0.12821630319995989
65,-0.004229993689046227,-0.0019081168354598838,0.0024291704950992828,0.0076827955390350155,-0.12859675709941631
66,0.008100765781196444,0.009166647058823873,0.008902097109834483,0.00939500227456864,-0.036816859143401916
67,0.00244989960213295,0.001165803685155061,-0.0024509803921557473,-0.0034599092262588157,-0.004755891759208999
68,-0.0026393861408554376,-0.0049488331473483685,-0.0011302014742041256,-0.005623432762837835,-0.16359356843028897
69,-0.0002450575791202489,0.00385200651132922,0.002115373599345219,0.011359704495316893,0.31423710792131915
70,0.008774470588236048,0.003011443500844797,-0.006578281916117248,-0.014927588934598507,0.1288361757440428
71,-0.010398950790571336,0.0035350895883768958,0.0061771101008093075,0.022854060375220007,0.06443598209209117
72,0.023619033581891054,0.008106973085113675,0.018073729188155356,0.007817758903581632,-0.17608033073135257
73,-0.003789734096145529,0.001148762603056503,-0.000578860555896111,-0.0008140011647972513,-0.1832505230125539
74,0.005874705060916418,0.00043037056391786234,-0.0021238789399989906,-0.007907202760337467,-0.07217375063368608
75,-0.006749983244770585,0.0023417701712521795,0.001983282580821785,0.0034779247709805054,0.2666719388048519
76,0.0047234047565725065,0.004338931089285929,0.006275967944386406,0.009338538378000045,0.2301221983211222
77,0.0014390673917651364,-0.002278750474744714,-0.005421262609458319,-0.004292216874942575,0.5657764817702802
78,0.03669287290080198,0.05334027306166073,0.01924657796047668,0.02040421496311913,1.0415491650385873
79,-0.011644062471120927,-0.015087844153911649,-0.021580690552187892,-0.02163912961468762,-0.22031165651964274
80,-0.03913039884545618,-0.05320372425812799,-0.024717035412265206,-0.02115812584208103,-0.24354519520381177
81,-0.036685622536855526,-0.03768832195662647,-0.044884212768252954,-0.052347847223842746,0.2821905873657983
82,-0.008485317268846342,-0.0029196276031086214,0.007581223387681999,0.018930402791566124,-0.3162292672685286
83,-0.004584544945942677,0.0075225321341966175,-0.0011337044375871932,0.01035528934010216,-0.06867868069047084
84,0.02451252188705685,0.01989378672867617,0.02873796187233589,0.022055869053691973,-0.19046948244236453
85,0.005494545564327449,-0.003783245713162124,-0.0005015697878541044,-0.011994239276182608,-0.08847997926655295
86,-0.008345792183888381,-0.003501637472905656,-0.000702493881377726,-0.002537479426091395,-0.08683290210684937
87,0.007013365534781893,0.049938113339507526,0.006678403481935086,0.04234838472363237,1.1002895662733114
88,0.010645706683003476,-0.02686902988592437,0.010524740832496318,-0.02976503804373977,-0.225994048942681
89,0.001476688295399076,-0.006297248473217157,-0.014413327694622738,-0.004981484586929579,-0.25501130039346165
90,0.004030236743133531,0.009846953300184263,0.020884439324887216,0.023594705589477426,0.014433989290200039
91,0.03103581358919123,0.026887390869137967,0.030366974693229014,0.018644106537529168,-0.11610259083865593
92,0.0012344886759954076,0.002914549013576693,0.0013807932200180849,4.750178093854617e-05,0.10120178916669466
93,0.010005690250269598,0.0014060650984367188,0.006085964013465752,0.010838562464344661,-0.19895998779957064
94,0.0009390112035495997,0.003697692626170654,-0.004017050887824845,-0.0008464635063953793,0.033354383944574115
95,-0.01763690571533493,-0.011145308503164838,-0.04626334519572996,-0.04622050094246404,1.1038299249113648
96,-0.017046230895143295,-0.022919122416050035,0.020198985074627508,0.0189992301618636,-0.44372677175445335
97,0.009715340522685596,0.006564023233475995,-0.00746121149831881,-0.011283839192528152,-0.006539034542076311
98,-0.018089059944192024,-0.013569906236970127,-0.0010317496192185202,0.0067104034735452605,-0.3839672558197058
99,0.02155801973314709,0.017499552790197215,0.01642728638885196,0.01693181530676564,0.316943559113608
100,0.007961649880096412,0.005398375486400284,0.0026129487542271724,-0.0012917659689340017,0.007284247635835801
101,-0.017748438946546468,-0.01648847738633496,-0.014382220354870209,-0.014563609953748842,-0.05299053132419525
102,0.009494783103028336,0.012078461920543012,0.015179747331309952,0.016966495225405373,-0.041697048394346514
103,0.017323288065647043,0.021434046618944665,0.02021024425196847,0.019551584309928056,0.24627764082947293
104,0.009669830188679385,0.0021030985652177735,0.004727908935329268,-9.379219805031254e-05,-0.19032604741215334
105,0.0036906890223651297,0.009420781643505,-0.006776095370120583,0.004267110649295025,0.41044194129829564
106,-0.00456151563138337,0.0015708556353545363,0.0030321693075402397,0.011813027034597936,0.1636249789449792
107,0.019685813148791555,0.03196793062090779,0.028435065762221115,0.03179510903175158,0.39372331085439993
108,0.030861630454013095,0.012113861262745622,0.023561310312060917,-0.002236236007624424,-0.2723641667569817
109,-0.021352330580919524,-0.024865329917850676,-0.026204774297766246,-0.019454014423849343,0.23386198400704963
110,-0.010318199999999746,-0.002989211576221249,0.002488213022059401,0.00525710628571545,-0.4678987910963123
111,0.01024209819945849,0.0031345295391897567,0.007170435873696997,0.0036380356030199508,-0.13419919557994414
112,0.005000854518973658,0.009193007546672391,0.001460423538892619,0.009379284266050988,0.3832859318619788
113,0.004297475876188259,0.004083410219126909,0.0042380239839938825,-0.00812495384252892,-0.12941594317284896
114,-0.0028376740297794533,-0.005362888905307861,-0.01315966807024058,-0.01461808419196052,1.5118582450160003
115,-0.010976637257625226,-0.012221423656025916,0.0008276635857827259,0.004546934359931993,-0.6541341307380388
116,0.009499904261246032,0.012054257861247726,-0.002113429896197008,-0.00475497439648931,0.627445148835148
117,-0.011220178256346055,-0.004449656084325597,-0.00023023159021628487,0.015389599977567215,-0.2977608782076766
118,0.006634618958872476,-0.0025281986455965846,0.00778299714470031,-0.005157670904402698,-0.14015632276267612
119,0.002454509090907596,9.054041657338992e-05,-0.007083123886122731,-0.004866033016507284,0.3461119813098991
120,0.0016323570012656474,0.016383018957892254,0.0161542341678948,0.02353528841841528,0.024668665194068278
121,0.018877393168941246,0.01620803277228573,0.015444558737063394,0.0027682100281284515,0.33984925358195806
122,-0.008930607937776105,-0.02033125931119152,-0.027966120035078992,-0.02506784852518554,-0.005559418257876139
123,-0.020756765368183164,-0.011718364791125448,-0.012848107662023033,0.008494701918352724,-0.17351635112373326
124,0.033008324241479835,0.029552841073393753,0.04071954556371243,0.028031825811725482,0.21020397462115198
125,0.002792075873073977,0.010725693248484255,0.008709616329450684,0.00022025461821581418,-0.11678899586073781
126,-0.0019887567598245955,-0.008132892902465138,-0.006686131893131219,-0.011714983030301503,-0.08573577747616698
127,0.005358214317308348,-0.0011839165339600445,0.005839611286942086,0.011720178670953043,-0.3313324986585581
128,0.0039641985640660364,0.011633575192362154,0.007356869349407217,0.013478377306962505,0.5114751291955116
129,0.022024324030160993,0.031244557694071706,0.022041319453737634,0.026598340242484482,0.4758896274430686
130,0.008370878014524871,0.0020619592661165714,0.010158856875018251,-0.001439447900106648,-0.4218816323692
131,0.006343159007003729,-0.002015756065748693,0.0008948906975757944,-0.0023317421008476062,-0.09403531768912571
132,-0.012775515038706749,-0.010140913448885165,-0.0071526224939949135,-0.004037106780992646,-0.15403846153846112
133,0.007370270512411166,0.003868338652128468,0.0013722470218227908,0.0038827666319550666,-0.08549020881369164
134,-0.0021268450742591293,0.0060555072980903865,0.0032973106663708096,0.004802805168309428,0.4416410693465444
135,0.012489910268807216,0.014353076858321469,0.012932758988697168,0.01734271786569519,-0.10454709668943846
136,0.015325025002947844,0.005020921946622311,0.009691504814040129,-0.0022867573454195,-0.05677660715759277
137,0.0038978436905309404,0.004294005025498963,0.006677255766250523,0.013418836025376638,-0.07855774932680024
138,0.009954514334424016,0.006413418740117634,0.002445883425918541,0.0016449050627490376,-0.08642626548224513
139,-0.0055212139466088266,0.007883954119541953,0.004424994903848994,0.01231628212496733,0.06065662747996334
140,0.01751931209871354,0.010213610184634618,0.0158102599504241,0.010017049233515249,0.31432335472772593
141,0.006264651200386669,0.0020060180541613465,-0.01682065499351446,-0.023127933778310825,0.47908727923390365
142,-0.0169096838976579,-0.01781780180180204,-0.005606628829399389,-0.00012329319325266988,-0.12823894774278288
143,0.010132407421677326,0.015776583517708453,-0.01637582135480689,0.022609553935864,0.11756958609723615
144,0.009302653141844015,0.027130039731909764,0.05015598162616515,0.028380817307940818,0.08596599646455236
145,0.031217425061067568,0.007502114093762375,0.024963878231433517,0.006567086027141057,-0.31664606564623327
146,-0.0010880970468139205,0.0013185805291910406,0.0036808050171412677,-0.0014368776699018664,-0.2263382136493905
147,-0.001089282291661938,-0.0027112281233028276,-0.003706351320026988,0.00042775249208151604,-0.05047961390579959
148,0.007672251789801253,0.011107289948575677,0.010729482879420563,0.008513450739028377,0.2514486373055074
149,-0.00019319781071907557,0.0003456731216998012,-0.004881546930008158,0.0027368616655545305,-0.2628385808359772
150,-0.0015076577910615504,0.007794486134317681,0.005567420500137075,0.007918797083490216,0.16910142541979575
151,0.012582269264371131,0.0012192174343755163,0.010221511537866605,-0.0009154080435359228,0.06804593430553474
152,-0.0016057504082146825,0.0075725558028063,0.0005748734980128218,0.009581646345446195,0.1756014500714053
153,0.010033301267057385,0.0003776871364898603,0.003945301905380223,-0.0069194388777551775,-0.13190907816661235
154,-0.0002654331753555633,0.003397749873184253,0.003471957162244606,0.011879347433485737,0.12360679413519256
155,0.008040033617718014,0.006208111972307487,0.004638621964530026,0.005042143135394458,-0.13475386801641473
156,0.007900692606503643,0.0021314288488635327,0.00439012961177179,-0.003032571979556286,-0.12151800625582472
157,-0.008809197724797881,-0.0071642238805965375,-0.018802606349743255,-0.011641458210476907,0.39475259691835934
158,-0.006966950155398952,-0.007779540338824463,0.0029953917970948754,-0.004483437752446657,0.14271083566151893
159,-0.004171595370751885,-0.003143880818336896,-0.001301768934889427,-0.0008778595968748448,-0.4618798766343321
160,0.00045697095025645155,0.012387005468105278,0.00644069937801903,0.017533791733516643,0.28618664772553265
161,0.016101450758675757,0.0027022969118411407,-7.613896432063209e-05,-0.007808642231612572,0.252167330791095
162,-0.005094837714920605,0.0030693516533999805,0.010704746666666504,0.013432168801477415,-0.37993452944464
163,0.0038407261318202284,7.458765245547106e-05,0.0022237986087797314,-0.0022027927449629354,-0.2853963173481973
164,0.0025130531879045646,0.0009328358208953107,-0.009213915282856673,-0.0115621927034607,1.0268568094453587
165,-0.03352412317988959,-0.03250698974836833,-0.027177846551016713,-0.01783007241323416,0.21106774250903745
166,0.010684882670976082,0.014564774785188542,0.017128970552765015,0.00882628596679376,-0.4129042632027849
167,0.010418661342361133,0.009798412666414217,0.007864124838548585,0.014671032770567595,0.10780928111268569
168,0.013988414602875615,0.019218412473223086,0.017394190961327355,0.01931622950446095,0.4252798813292423
169,0.009421219855486565,-0.0007380516605154033,-0.008941205040383211,-0.014000148173326225,0.20708626677577097
170,-0.00518515555555681,-0.0026956426600740937,0.0035860480376570685,0.00584444751186147,-0.293824545619264
171,0.0007817870206482199,0.0038138259321276236,0.009930099145723062,0.008529409630691383,-0.128993014850631
172,-0.0038316878662496326,0.005385422194454144,-0.0043947560521422615,0.002548303100710343,0.7434735794242534
173,0.013742594667261928,0.010052803200069347,0.013504353927745974,0.013593163297520253,-0.02711229448024353
174,0.020408193337014487,0.019941955100995053,0.02233056574998974,0.017117907094106814,-0.04043489066350416
175,0.00927800722021651,0.003490081456174327,0.0065707846095404915,0.001965339925125314,-0.10943160719579409
176,0.0008226204292973156,0.0004613834174550242,0.0011478049274510332,-0.002389401199824264,0.016380748153443078
177,-0.0010721515827933413,-0.0025540972700688488,-0.0006089997221115336,0.0010009151641074503,-0.1521972206804542
178,0.009767484794276471,0.005227967998519505,-0.0013981573157266349,-0.002071223572796516,1.8055326260658842
179,-0.006023498308889834,0.005660739590609608,0.0064977025631503225,0.01631833643976129,-0.6428266021204587
180,0.01482908779809529,0.0022515954265601365,0.009095181497235838,0.0009506619718294266,-0.5081889380351429
181,0.00045665108775683996,0.01786652993834822,0.006291530908037415,0.01984034980154251,0.9208643778311367
182,0.022119190446761382,0.013759527673928615,0.012012588183522804,-0.0003794832826807742,0.5707057039642963
183,-0.00570212978431071,-0.004354172194443094,-0.010065236846663769,0.005935127920017621,-0.014710185552350243
184,0.001623713165858466,0.0033823772129918618,0.01507603954841771,0.007306545306252797,-0.3005168116440823
185,0.02176387463909014,0.02356311695895298,0.01958419534060033,0.022816332990059047,0.34397692191703716
186,0.0030718337313466316,-6.66001312956464e-05,0.00443780609860919,-0.009722044022720793,0.0800292883693864
187,-0.011307366954260227,-0.002062665595688909,-0.012647554806071222,0.007968248205447436,-0.19091761502650278
188,0.02059289912950258,0.00313375125040046,0.016157171648164527,-0.004703042216265618,-0.08037355389771922
189,-0.008938073758512096,0.011764746075500031,-0.0010757294174105051,0.016086288892453476,0.21316040855316384
190,0.03392107909650016,0.019675430039740337,0.030421348358846172,0.021240805814957454,0.28792724365380745
191,0.010936128393076885,0.007215862054977191,0.0066949311549992,0.0022607111421932575,-0.17320485055411705
192,0.0033483836870985733,0.014072331311389411,0.009407922141118852,0.021364367790326792,-0.13589411055367867
193,0.016236669683652328,0.0015769388065239424,0.0032782260203312926,-0.013503281511944189,0.3326070499950637
194,-0.015314189504987941,-0.006518272972426925,-0.008392939421740124,-0.004285518850851506,-0.2471732784042913
195,0.005579566956432772,0.0006339524564180708,0.008205485700098856,0.01252648567516409,-0.10739840359044517
196,0.008546165484181266,0.009629331277946457,0.009324246330535888,0.011070993809694823,0.26635498561047816
197,0.0029089576466553727,0.0008784464046809593,0.0031746031746042597,-0.0067769080998858165,-0.19571836153026695
198,0.004382180971881263,0.0030405743730383098,0.004145556962024634,0.003569523237967051,-0.08129321419807387
199,-0.0020716178820367665,-0.0013437795267045728,-0.005231489776325552,0.0048158638407608464,0.02592102317140639
200,0.007328849748533111,0.011797446636593758,0.005924270702975025,-0.0028819846675308563,0.4026495137453094
201,-0.03181890398126497,-0.03575294723358618,-0.039808467112943995,-0.02940524682737404,0.10510885943266442
202,0.008192001653770233,0.02126569026906954,0.023976646234891475,0.02828934021857206,0.0018154872174879592
203,0.03790788130754098,0.029679699238185232,0.029437201326920685,0.020932329995502694,0.332822959428974
204,-0.012051175390309999,-0.011468695770170827,-0.008183471178250891,-0.0014490966448691747,-0.4138478984336995
205,0.0012166468779776798,-0.004350655735761604,-0.0328156611764715,-0.044338741400422536,0.5747464163757896
206,-0.05181816724689337,-0.02848022879583951,-0.01968927906349618,-0.002746289224999835,-0.12926602948868762
207,0.03618142765092669,0.019617927707242314,0.037753967308581875,0.03301368453296589,-0.2138922966089799
208,0.026037842453939305,0.016017994442848377,0.016962688301978474,0.008154316872402137,-0.13021569884728332
209,-0.002936387349272473,0.0014164059264336177,0.004107214142384029,0.011696935323182243,-0.11277927201607663
210,-0.0006200576465249526,-0.005596236393825462,-0.00705679118074613,-0.01592814528281871,0.1162753638584933
211,-0.025405602573509756,-0.005720482516277014,-0.013050289308175742,0.004749517232759115,-0.07082696033445475
212,0.029982864090212433,0.0073083628913090505,0.015485052974731796,-0.006033288982736399,-0.13740982982895183
213,-0.0065822248063736625,0.010250102136463785,0.008659935581811768,0.023747781295842523,0.20575213733206713
214,0.008461144119203533,-0.003056047918830675,0.005848160014932929,-0.007121075533456369,-0.16691051820797198
215,0.0016964989457222757,-0.0007356630494755862,-0.0015463120075151237,0.0002463016005940208,-0.15445246106497731
216,-0.028884671525150434,-0.01911163804730488,-0.02552276226054763,-0.018310545561697967,0.9039364102973773
217,0.014713394962628407,0.015074301798280003,0.017132374285998522,0.014482746081506013,-0.38383753618931704
218,0.008218762500000308,0.0002464306560330162,-0.005593774999999472,-0.010258970524181357,0.0700331971399392
219,-0.012429122990061827,-0.012936947800694616,-0.024229258017769238,-0.02263503050771335,0.2882485134140757
220,-0.06703906932445072,-0.05077241189181217,-0.06850237681159341,-0.047500388340536874,0.7150778825817803
221,0.012413388618357458,-0.005424393593910189,-0.010718140826961736,-0.03387217208054551,0.03815743994469716
222,-0.04791497399907082,-0.015370363269757227,0.001293104514826123,0.015863663532226575,-0.14140673228319106
223,-0.018950867273932036,-0.03988184450272722,-0.04726006282722478,-0.06536820270953625,0.6187721782052237
224,-0.08480967385813755,-0.026538447552447688,-0.06077812311776339,-0.0005849810142559069,0.3303261078409114
225,0.09725566050670234,0.08271972870630107,0.08327809155951263,0.09310072245248531,-0.19955639961548383
226,0.07577586793255056,0.008492555619789453,0.029094008353737627,-0.03175927220319548,-0.0642114229407857
227,-0.023808765153932373,-0.001973710526313929,0.025647362868328343,0.046384569434962185,-0.313943224459082
228,-0.003103548736965154,-0.01268953230559198,-0.005867703669120424,-0.03243700951144971,-0.14420034090950618
229,-0.045749825896717757,-0.02914364997404062,-0.034933570777480646,-0.013280116894165285,0.20580809157830993
230,-0.06471631205673638,-0.04377282047251652,-0.06482242727351525,-0.07909209424627049,0.26779050724919656
231,0.05076783317535432,0.030026279694002157,0.02422051711026491,0.07202157694609153,-0.0050735008969644115
232,0.0009020711032924312,-0.018223725482144047,0.009243746656922232,-0.03473051145623565,-0.10407374951803486
233,-0.0773279886180164,-0.039897589076166425,-0.0877657081006812,-0.09875466285458039,0.637229908747616
234,0.034969179730103495,0.03674078518518298,0.019959661290320736,0.11980826040056648,-0.11408594082308633
235,-0.08660205600198925,-0.07444992535939116,-0.05119587351169502,-0.1286469475123216,-0.1303054497588552
236,0.022979954915974,-0.005673938814602762,-0.006666699999999777,0.04397007410197614,0.005062904824584617
237,-0.031271431962691894,-0.029540718421844577,-0.005369110918427424,-0.02447994937910339,-0.07351321993729482
238,0.03178043905775573,0.011359984000000281,0.02315285126776211,-0.007662058620828704,-0.09451440478347531
239,-0.0008488944581418157,-0.003994605347169839,-0.06022010634351514,-0.06348556254596055,0.4775889695031072
240,-0.07727159405361632,-0.09264186157328426,-0.06749999999999973,-0.021244145502630957,-0.16166666500702515
241,0.03630305156085574,0.08398251203501142,0.10201779784582056,0.1003253928836355,-0.14616537709560265
242,0.06088170587240103,0.04263392074554732,0.04268032364182268,-0.005508749100635317,0.055892369245494275
243,-0.016869375872384854,0.0016650222652449757,0.008432238912283604,0.05262300337857538,-0.16967872411907695
244,0.025271766586536203,-0.010862826994365471,0.002800795583699294,-0.04140225907131641,-0.18989619465010568
245,-0.007952506429277497,-0.001367850883149104,0.009512195757745331,0.028537950616971876,-0.17746042441170315
246,0.019382643066400147,0.027277660812810682,0.010425052459504274,-0.002040751964850467,0.17279570225341143
247,-0.035602534096946095,-0.052459112422083405,-0.0510714126984121,-0.05261704518831312,-0.10549943655394349
248,-0.024989874239351416,-0.014353522032809225,-0.00932552152677772,0.01668667939584626,-0.058361669382993274
249,0.01023553316527493,0.002243540762588667,0.00873789814226902,-0.014371404544037968,-0.21727915918377153
250,0.03336074080130608,0.07085872317230288,0.04356197012177363,0.08723746179135278,0.5538989836772409
251,0.07931445450185576,0.03264805033016073,0.0385756509972618,-0.011582306549321856,0.0052858878487997765
252,-0.029763649767961923,-0.015936753068675296,0.008610084942084458,0.025594635180037125,-0.16754137274308065
253,0.02268409903887073,0.010098410593535346,0.013283312944915493,0.007216085775440404,-0.04180343787153287
254,-0.0014514923058501104,0.013440974164003491,0.004268892892985159,0.01962762848248442,-0.19039168337094348
255,0.04356902155818295,0.05316034841825327,0.04596923052940152,0.050503158279963996,0.4882508998433867
256,0.008571399999999582,-0.006660926279271414,0.009278964615529699,-0.009127316180205862,-0.3273953972105925
257,0.01763460389899764,0.0065310099478645715,0.006129080908966388,0.007945758406519404,0.19801699371122863
258,-0.009360428570388624,-0.004337265607053085,-0.019444036991137243,-0.013568718635895372,0.3699266572134842
259,-0.02367484599143253,-0.018365637844964682,-3.603265396395391e-05,-0.02075670526549065,-0.39598048780487843
260,-0.006008317783413885,-0.0157270382200229,-0.04124983084703347,-0.03091032480151141,0.3920803106098368
261,-0.009664166787318563,0.0023444256086552068,0.025505859187154447,0.028803562675463867,-0.3543214160215169
262,0.008259976361098058,0.013853933468269722,0.00980890478432644,-0.003875436323782368,0.06804583852462383
263,0.004821169461284532,0.004472078083405349,0.0077491324298628456,0.028869577864233376,0.010790421618018315
264,0.016594429296056135,0.005406169240488792,0.0106498628158833,0.0007068311128376644,-0.07192068559905934
265,0.011639461106009807,0.004533562816234617,-0.00625111600280962,-0.016209428278019678,-0.043410233022113
266,-0.0012276414155032505,0.013434643533624014,0.020452925070326308,0.03284523079238424,0.22566889990428893
267,0.01836820770407606,0.016777670447986816,0.015710281266109974,0.02109608225366693,0.33350038752687994
268,-0.012794841020688315,0.015176722235424272,-0.008670018833501613,-0.016099319922369213,0.3143862255823103
269,0.010200915283842944,-0.017759183946487206,0.0016442189499617295,0.014148807855570843,-0.4448932909090306
270,0.02036858510764258,0.0248901763779462,0.028429672298695436,0.015008841383424551,0.10618711068519389
271,0.01830134912629668,0.007441833887043667,0.014976581266768355,0.010317273965817539,-0.03666704568220051
272,0.009185941800864645,0.0063646618220471966,0.010372416239467592,0.010344902234043293,-0.19052704350905253
273,0.007981056658531303,0.016974131783301215,0.007682908898234462,0.02103776969876191,0.1616383949340027
274,0.008048658131204915,0.021588464080207273,0.009694646299394672,0.01573534948911347,0.09046730983036248
275,0.031580589897291726,0.008326813120712066,0.011945098605523757,-0.011428221036076002,0.11206031803456594
276,-0.017871177089810168,-0.011698808074086941,-0.024766047733865086,-0.012074152890734512,0.2361116245597692
277,-0.024475361831821175,-0.019496767735524168,-0.005540688118219967,0.006143396876800003,-0.20781926644282997
278,-0.013661291552689272,-0.006100958556415251,-0.004377700394653279,-0.005912049986120051,0.046682422109971373
279,0.04268354805570661,0.027931173184309415,0.033676480694885734,0.023561145846702866,-0.18737781667872988
280,0.005939227667812916,0.006382268562401307,0.008668471032006232,-0.005778435503642903,-0.24744189900161537
281,0.005237571024983008,0.0031395203995811458,0.011213635060513235,0.0194481563799885,0.09609002689482647
282,0.0062524063724241985,0.00428776931476293,-0.002053557514984925,-0.007455451901558278,-0.07906386092795942
283,-0.009069277486106931,-0.0051731244888591835,-0.0016462089042477424,0.006438402867264024,-0.20338732169428475
284,0.024479881856282724,0.015693950479818877,0.0036467162544044345,-0.006773507766389144,0.534438750562326
285,-0.02275110973724936,-0.01705526812374239,-0.010774104265403787,0.004356934763731142,-0.1001959815809188
286,0.001992699336107931,0.014841116120388902,0.008112708909422419,0.00044014965591379857,0.18252745579272178
287,0.00782906239210998,-0.007080175524608939,0.002661331271914867,-0.0009740644147693742,0.14953189858101998
288,-0.004698512137824089,0.0037366216095065714,0.002338269030240107,0.012297930272404889,-0.47378403516130824
289,0.009441384736428374,0.0033814052208747357,0.005422275600953322,0.004629448385784663,0.0848062660289741
290,0.012190191738114024,0.008533292004287839,0.010566569731703604,0.005505041201273215,0.19223940814305418
291,-0.0008316022813822034,-0.0017780992601564578,-0.00471606595281541,-0.008612167920917554,-0.16203086958519006
292,-0.003206041951673384,0.01882563747712836,0.007637670677721677,0.028480987131273696,0.5674939812974815
293,0.02133908096269458,0.005576512434062317,0.012653515602382821,0.005912494720965999,-0.3030665120101648
294,0.005722985616957032,0.03600112623498496,0.01432848553516995,0.031578001117446804,0.5442300615549299
295,0.04744979599206101,0.026503875536187924,0.04240832402859449,0.025727504304834593,0.1282167238498596
296,0.004052900351892139,-0.010457457297655553,-0.030656719704779564,-0.048010441537358714,0.21008379157475837
297,-0.013140179360914663,-0.009286184803581373,-0.003755848202366281,0.00863351017882673,-0.007519497933180595
298,-0.033273381294962004,-0.006095445868731288,-0.004906983424092128,0.01236719052068002,-0.3064622825337497
299,0.054643636909226405,0.02175428191979274,0.03650253303875903,0.0265022193417235,0.19177458489663418
300,0.010499061298561518,0.006228708735151731,0.018478753771177157,-0.0013917064777910638,-0.3084251351638893
301,-0.010530728098678251,-0.005486719313150477,-0.005326258285068521,0.0003982365869147223,-0.1537151767733263
302,0.009191576686017782,0.00879893590157806,-0.011654567321461282,-0.005714644560954615,1.731614411838826
303,-0.00930526689351432,0.008133262375288493,0.01738374660023222,0.026163776735674563,-0.48787337981518186
304,0.03603348364585257,0.03594283727686689,0.031667367943441,0.021344788044081294,0.5663574641257131
305,0.0027472527472535303,-0.009640678772859254,-0.01035139571098022,-0.017652044853081642,-0.0920663890088217
306,-0.011780789041095693,-0.010276872794231928,-0.002649726742710717,0.013275565331062136,-0.28605484697585787
307,0.010285533342316288,0.0008767342465751128,-0.012724836810138935,-0.030725776019359604,0.4925335799840618
308,-0.030624856281387818,-0.008622566328203924,-0.0049288653876449606,0.023046675643506567,-0.3634997719929377
309,0.01933471479122326,0.01051992123522349,0.02482350261899299,0.00834758140306204,0.07330649235338209
310,0.013996912263838618,0.0037706212217950576,0.010861122222222427,-0.0018914583955515478,-0.2102790408434558
311,0.007477026812851304,0.00846585402725869,-0.0007419087055384327,-4.683482026750028e-16,0.029840017627320296
312,0.005844751809818558,0.014333144384159594,0.0171322729234508,0.026750225008935473,0.04045892025366131
313,0.014621632432433564,0.007557602852734161,0.0063806635453618026,-0.0031028593692038423,-0.05251500982675841
314,0.003489507434650675,0.007606581877413385,0.011095214966169307,0.02329011217590914,0.041517677657163125
315,0.022111881503501688,0.00988201310615948,0.006190934475116606,0.00430031732228821,0.07302633826392924
316,-0.00963509184682634,-0.0035039739456686776,0.00034329926490477263,0.0017492597739120002,-0.2816365123986415
317,0.02024440153400484,0.041414866386283306,0.0058338840434211895,-0.00461318816958292,1.1233674432621443
318,-0.024931918212429606,-0.02701220495198434,-0.014487027268194869,0.016548422229860592,-0.10780112831151924
319,0.04375793098936931,0.02048738945516633,0.027828776270593526,0.006877314781115624,-0.10404867675853166
320,-0.024522659349886764,-0.0185646896609938,-0.006062794197592772,-0.012304927343154637,-0.2782046763012568
321,0.004401325566342787,-0.002643601484970653,-0.0006777853154442006,-0.0020202543657732333,-0.16631578185817053
322,-0.005877045829295664,0.01392213915872433,0.0023216194625048448,0.02107393030104612,-0.020271882742432155
323,0.028573629416642328,0.007614213197970121,0.007078724788549044,-0.0138016727509686,0.14521136429061865
324,-0.025006972446929687,-0.012846367758186972,-0.0014471302684970324,0.002809268041236782,-0.13952580022662078
325,0.0031543398863722897,-0.009160490107894633,-0.04754016668781655,-0.04551644139419128,1.213492791140834
326,-0.06196030953293197,-0.042311535034498644,-0.031137973456407776,-0.0024772793098460917,-0.05870731821218164
327,0.029921647591536593,0.02081314380108491,0.04862870767722432,0.023700265047782554,-0.34633960098965294
328,0.007016337712266018,-0.003740540579953915,-0.0024872164370818455,-0.016427550183050203,-0.145102050918211
329,-0.006543566376136376,0.0071919616967115714,0.004986771870276202,0.019168375771838088,-0.1283119229225196
330,0.00466666666666667,0.011209681469820276,0.0005869014147123644,0.012100178744736905,0.750596706269953
331,0.09234242335766445,0.10506503174988911,0.0752658954271806,0.10468863489575506,1.367272497312337
332,0.05165957036186908,0.049076689855032156,0.07009675388336502,0.02519760916247651,-0.17680762350909643
333,0.008618327410859064,-0.007591499476201026,0.004587853565579856,0.006678150315548857,-0.4383549374462928
334,0.0022449957620327785,-0.003587859882771203,0.00470535822042187,0.003624665995305983,-0.29637907085853454
335,0.009394043392944714,0.03641548046442497,0.008264670982021636,0.034889231118682966,0.6622936388540345
336,0.025361197639247872,-0.006445930408756782,0.004508317543584166,-0.02449457297230841,-0.02165304541646278
337,-0.005344322152830904,0.0008796920814692778,-0.0026520660248318807,0.01453479992256253,0.0724984549012958
338,-0.005595000099378359,-0.011360175585846498,-0.008113654545453843,-0.029739868002575026,-0.11535209384398384
339,-0.013150870651505797,0.0070455761037601684,0.010906702305647525,0.03323430400000107,-0.11870204957467269
340,0.03558905922014593,0.024431701179753008,0.032910963232066874,0.017697548576275448,0.2686264326863846
341,0.003495604299571673,-0.008983803115655676,-0.007746154488531897,-0.0008912355292373664,-0.2119020192115454
342,0.010733240255452017,0.009456539130434042,0.008116272424543792,-0.0026108217252057762,-0.27785790733801563
343,-0.014733432417878879,-0.0007537590049960818,0.00039484917591483794,0.008332805590083587,-0.11649225169285209
344,0.01425414385995861,0.010021534482758372,0.014056101572265403,0.0012547063277454965,0.37776237863710166
345,-0.0020045955554431373,0.010498273944279336,0.0010595709622045443,0.022189616633051357,-0.1280133023677669
346,0.030345546436284572,0.05469094656011178,0.03039338181398237,0.05153245315523163,1.6637952771789148
347,0.07911118949656103,0.03137328768494566,0.03930817610062836,0.01196023931912341,0.02331811292133685
348,-0.031080581638360482,-0.027992420608224895,-0.007140712052444766,-0.00820373053975704,-0.3886307819676145
349,0.011888754595902407,0.014479150023965605,0.016497015769643096,0.013599055003382059,-0.22919247492619288
350,0.007628007608179133,0.003878189656869758,-0.009993404592809549,-0.01195437184654348,-0.04582192385831534
351,-0.008887704600937648,-0.008177463951230458,0.0060162075226497256,-0.0016198623850924418,0.2062173261229003
352,0.01243928211342368,0.03604407622541674,0.01141860296938521,0.03391214388769572,0.2029137131588766
353,0.04060191972720088,0.02900765648854987,0.03595237301587407,0.0398326122041871,-0.32677765928365043
354,0.03638144909541426,0.02359045199724468,-0.0270435840576394,-0.020718431547391333,0.31702206213832207
355,-0.07762186431054229,-0.0662414861934052,-0.05118110236220595,-0.08006086362530669,0.2872320969023423
356,-0.053896491879395526,-0.039894436196659847,-0.0797510456431523,0.000661829930390561,0.29117902356991265
357,-0.05097029232947355,-0.03807598313846337,0.01614213198793457,-0.0672949658341187,-0.30438487200517567
358,0.029047872638380816,0.0012606185605612528,0.02289671636492693,0.03988654493884014,-0.23523749754718323
359,0.026436968677521426,0.011415150339224604,-0.02394587846701473,-0.03264577224684535,0.030145161791675926
360,-0.04810569085987335,-0.043734414937760195,-0.022222222222222723,-0.013128892644795003,-0.0077580834170900064
361,0.0013092519856851394,0.006074780714881021,0.025454572727271606,0.03000000892857013,-0.2250919632445595
362,0.031467930339366644,0.025015112567928814,0.007180833142355063,0.001560332857487266,0.3174589243960585
363,-0.026197912174462483,-0.023815551227542402,-0.01381920593416778,-0.02951362273226868,-0.16227618851615522
364,-0.04781742477260795,-0.032758646551724176,-0.029721545611196557,-0.015963623008034184,0.15084141997297612
365,0.0061976029329402285,-0.011764706196917345,-0.024100846509988446,-0.03172013890593282,0.6128492059479472
366,-0.05307971824130883,-0.006222898797517454,-0.028183599893811452,0.03032577799797087,-0.3183195410457991
367,0.07786492177286232,0.024230864429969065,0.058777944884150016,0.015715806400511977,-0.06467811671941363
368,-0.009407144124955469,-0.00664540132336193,-0.021894530161430607,-0.04194611469360725,-0.17664980109846534
369,-0.05778538637021866,-0.016590857045839912,-0.01657766273047731,0.010268838397997427,0.1129561228964957
370,0.030997452334267837,0.01986396371882119,0.02542855238095273,0.03751615193572233,-0.10588738864681964
371,0.0606843309047307,0.0256136423761351,0.04745984113420353,0.023868899393202893,-0.08207017670191107
372,-0.003999643439707312,-8.673257023908822e-05,0.007004797011923981,-0.007567875848711371,-0.27812546305577557
373,-0.006634674640733472,0.016910970720856382,0.0004402835255775952,0.015075835395769573,0.43562126819490693
374,0.033834238212196714,0.003922897766964141,0.01945079160049082,0.008462162308301095,-0.18612064325124442
375,-0.040377422988587895,-0.019962606014589046,-0.03116637259489951,-0.03228019494579837,0.24622374707631092
376,0.00903538851125319,0.011094729710633994,0.011851737552559628,0.03079103780192061,-0.265825916302725
377,0.015714098298162237,-0.0045434975646204915,-0.011448727130372847,-0.028669493562231158,0.5200717594814939
378,-0.009334434122759371,-0.004908714995468774,0.01674830289532297,0.01696710791915458,-0.4003091056123229
379,0.014220877310568087,0.007356114045275988,0.004030482888735923,-0.0009558654682684832,-0.13806853968549013
380,-0.008344094623656251,0.0051546219045596345,0.0028798500001689935,0.017395842242360137,0.20400420713679882
381,0.04146425261506173,0.06991452991453036,0.03793944549146317,0.063520568833714,1.390152317900563
382,0.043394961575794415,0.0016775762901413704,0.003101970180263814,-0.026527362917567326,0.09201179885008672
383,-0.03408635030142082,-0.01882127776394615,-0.0002507229377220571,0.0007432204912185159,-0.42548807706309394
384,-0.01884296694214961,-0.014874437250057373,-0.012288922948781728,-0.003960747521070466,-0.2531503795318226
385,0.02156332529006725,0.002887838355309948,0.0055860853899937805,-0.014000513743687758,0.02518319248892949
386,-0.010883905102934752,-0.00929662667305709,-0.02651286973340345,-0.025541875958877688,0.04545738159242647
387,-0.03134379819392975,-0.011958105164558395,-0.0002594414573938701,0.013191920679636999,0.031369545413476134
388,0.004044759140570221,-0.002269322518004135,0.007091585412735634,-0.005446336389306695,-0.2770991378652139
389,0.006685514814185475,-0.005643989601919661,-0.01597252939388163,-0.009583323104731268,0.13388032819691872
390,-0.00902510027309732,-0.012622822665005728,-0.002705271060485782,-0.006133900647947887,-0.19036945523002738
391,-0.02044846653877934,3.6578775674167963e-16,-0.012250630138701077,8.694367100983247e-05,0.3545740354548607
392,0.012981282115932883,0.006263371782152592,0.014705918179641208,0.013472359492247123,-0.17500024586345964
393,-0.0038098104391690304,-0.015774207160420887,-0.030033202112509066,-0.04631218775835657,0.5598481958628833
394,-0.023294219296977774,0.012994888677120205,0.009900981276345013,0.03705038769020736,0.015224631750659176
395,-0.011657959998452897,-0.042247515607628544,-0.03992866416921601,-0.05601802809573323,0.3020847304987639
396,-0.017558050019054403,-0.011697455338824795,-0.0037133401066343215,-0.0008267866909170958,-0.3542585742771164
397,0.005040811978363961,0.007318377303939868,0.01313830600074534,0.015353544599252238,-0.12405700803064051
398,0.04085350024243951,0.036774581339574,0.03329343235647628,0.04083660737347612,0.2844252790259449
399,0.03338004234606707,0.03486466943038899,0.04023146489063605,0.03549371123515591,-0.08571170213150782
400,0.0031369479390489755,-0.003511168612828082,-0.006331872858769611,-0.0028563975708338386,-0.09438621504884545
401,0.01842461122379957,0.02340604924679635,-0.0006888314997535531,-0.019968000337552194,0.34997496896238767
402,-0.041078813278007234,-0.036068547193515973,-0.01654464412206842,-0.003008932255844939,-0.10673311963281323
403,0.014192981024846655,0.017348423075038054,0.020240121446774322,0.030352651286084775,-0.18640607317309973
404,0.020735565820708384,0.007523213429488047,0.018292665436402174,-0.002343283996037688,-0.08132775279398015
405,-0.0015047734115166969,-0.007135161429812025,-0.005903660285063882,0.00041945306953670904,-0.20918882188551455
406,-0.004353683785103843,0.011030333601241782,0.002375489886089812,0.008720450968967102,0.1176866437285711
407,0.00529772124617796,-0.002644846725263611,0.006855666409553044,-0.007564455339206804,-0.18547316934077582
408,-0.00786283543631453,-0.007043987851893392,-0.008069931137104426,-0.011391238892631553,0.027616431716281482
409,-0.008599654256810923,-0.006342864296444433,-0.010084762711863392,0.0051681776257576665,-0.028944434180924385
410,0.00892935654152019,-0.0024357551223885866,0.004109262975930217,-0.010957543922433581,-0.006863843050476978
411,-0.01230612788525007,-0.00968252950279998,-0.030181609428070817,-0.029742612229167315,0.7384758770887021
412,-0.027905751834784272,-0.01504850327201584,-0.010197837362636382,0.011594203102226489,-0.11007484411058815
413,0.014397321941977643,0.007768683776758467,0.02291501990993937,0.0074672311794257125,-0.3282130631872713
414,0.008827321276660298,0.006338312633832488,0.009116983747798412,0.0048263122022436985,-0.38964982640341334
415,0.0034314231792050456,0.029619568126981556,0.0050765530452882585,0.021099640487164138,2.628303345591147
416,0.03453877887886869,0.020666280725252482,0.027394949531631664,0.03082736587583306,-0.2460418558032514
417,0.008346376194588832,-0.0008098971344472483,0.007332697153025661,0.002933515295522874,-0.30317502321335477
418,0.012293067012615042,0.0033233038018170287,0.010919017378766152,-0.0011374715447279354,-0.11276546500052716
419,-0.007448178613540988,-0.0074325255084222355,-0.00564603555884169,-0.005612510076256488,-0.00895557165217259
420,-0.0023654160255369024,0.013918272717578162,0.006007266441917116,0.01226993865030675,0.10799331462655475
421,0.01684249066866954,0.003291346231035245,0.006871132924335845,0.005090884848485104,-0.0517402435649049
422,0.001286451685621085,0.00776119360470845,-0.016979413989094503,-0.020903666688463,0.3996777155505292
423,-0.03236167214616344,-0.016514442632341166,-0.007024776859503778,0.011988824207495537,-0.29348540088905006
424,0.016016597510373865,-0.008961015363824355,0.00332918013600999,-0.006734777778882769,0.06920978647730776
425,0.0013885322224940777,0.0048060931116632845,0.00821234322159281,-0.00514667902469799,-0.08920310375685296
426,0.014192479840007835,0.03688694020084265,0.021309823750947404,0.05009031080711361,0.9857888854510676
427,0.02469043026187696,0.0036746911075099344,0.01957625923409948,-0.0005473803694263082,-0.3754369809410488
428,0.011694450617865188,0.009425933217493852,0.011694018832079968,0.006963453672849741,-0.03919005056583716
429,0.00046557798908751394,-0.0037042444249996485,-0.014995236683588268,-0.015850761830242845,1.0405034771163157
430,-0.03055218506618028,-0.006119349057195464,-0.02117036105684204,0.012395325678341207,-0.3702573211489474
431,0.05271159940917252,0.04754115887368304,0.050222739171066726,0.028464548965594926,0.393010896351059
432,0.004179036515621234,-0.014731128197867883,0.008715812204356122,-0.006976023393387417,-0.4776720377396025
433,-0.0063559093112612675,0.007777800003357204,0.002446910861347739,0.007712232330593048,-0.3773770540115636
434,0.0203319970886083,0.02907229729127786,0.018382829059519618,0.03576571163320645,1.2662656721906576
435,0.030300752656886875,0.010557718379429662,0.006216770512200305,-0.013314850928160817,-0.02762474876733324
436,-0.017892074946207266,-0.020174278703220028,-0.006997186452201842,-0.008526685271991156,-0.20318668817891955
437,-0.01106357853571883,-0.009191852004123808,-0.012593651241093736,-0.007702654743473832,0.027625111324689738
438,-0.004176595999752714,-0.008386551566478289,-0.03765562528351299,-0.024719255034754126,0.4457911187429742
439,-0.03467648937458122,-0.01399592834371808,0.013174431789610773,0.01236373503241673,-0.31846751508528526
440,-0.00907749250583743,-0.005237604173460949,-0.015961972371982748,-0.03366153093891745,0.58796046481387
441,0.00501096143899968,0.004425806842598473,0.011710745649091537,0.03412322328788589,-0.29344501186423166
442,0.031707634530167,0.007597052055113773,0.018535859388895126,0.008631263498796837,-0.04033649028730194
443,-0.024465688826245887,-0.01854789193440757,-0.013284159203997397,-0.023248821887568983,-0.04539541376706744
444,-0.005340986061754826,-0.003687454923368529,-0.012762638132296743,-0.001395510975205328,-0.08401097779039628
445,0.002023307392997244,0.013570783968373433,0.012848841141031754,0.016226676640682218,-0.03604415825367955
446,0.015843492382862947,-0.003423332143551979,0.0021012529340317726,-0.015127167966438345,0.01788196324777051
447,-0.0154434553032851,-0.005954190839695336,-0.013668802953899202,-0.01373054801860018,0.23693497580407383
448,-0.007765180989013457,-0.01159571485489331,-0.00047242519685011596,0.005427111887895812,-0.18675161404499116
449,0.006886875934315913,0.029368330311721213,0.012683165075103616,0.032856113074299795,0.14943370946469184
450,0.03995024747550887,0.054192714386266126,0.039206479053913675,0.036658305208348584,0.15175877951869088
451,0.018535096744355085,0.0012888093547480655,0.010704454246709252,0.016073734787526467,-0.0473695993954273
452,0.04982395105535628,0.03746864336923993,0.011257509665011529,0.02768383408508814,0.37700966456228235
453,0.00370447315348275,-0.005444848175472779,0.03537426576548901,0.0016793031301329427,-0.37574050657406743
454,-0.0011839344909228288,-5.90887917661457e-16,-0.006790627671734946,-0.007683752230127517,0.43147617760233076
455,-0.027260609292506496,-0.016008301815489078,-0.026422668572817186,-0.03498523208482595,0.012618943822873286
456,-0.026447834677527628,-0.03697443351734511,-0.04747615319991604,-0.03742059340347547,0.24472325623627905
457,-0.01531327371989653,-0.009945882333411283,0.005529421406143699,0.016520096122758725,-0.4015461588812325
458,0.014803708411215815,0.0068695004110842055,0.028106684463048377,0.006336707964342168,-0.21587390036502183
459,0.00022101967791937751,-0.003961514253709137,-0.007428868528127097,-0.007778375887904359,0.07893245815997467
460,0.003977666616737873,0.012005523694320947,0.007334742853568297,0.025757779218190318,-0.06339277866598958
461,0.007703616851718556,0.00014558952600848406,0.009436102516862487,-0.004585515718650262,-0.10084328089604767
462,-0.009610534709404931,-0.003347336680939278,-0.00691890912027945,0.0010968777821319963,-0.05808401744924853
463,0.004337249168103092,0.006717274773503301,0.006893033010569829,-0.006573727074027899,0.07681928603086564
464,-0.0010247328731049375,-0.006454888074598018,-0.010673624850631122,-0.004558459104420865,-0.0485527690291778
465,-0.00424972169547821,-0.004379925382147463,-0.00468742580449833,-0.0019203338645421993,-0.12001379941023975
466,-0.011405357383607175,-0.006305447659692512,-0.0005980563475210867,0.0017759934220379046,-0.06432638456751716
467,0.008485291768427959,0.003541621807287529,-0.0067320591408166685,-0.016103960113170026,0.3396984958043132
468,-0.03129385817057069,-0.027865555027775355,-0.025001823744353883,-0.017644012048290313,0.21522705808035436
469,-0.015619070476190506,-0.016790205590756672,-0.015910998564061044,-0.008636418790475477,-0.01084371186241726
470,0.00804959771012998,0.005461592307692453,0.010909653530816405,0.0012334283506750207,-0.09486075821290593
471,-0.01712231199622612,-0.00757406431781458,-0.024844758738087527,-0.02979899244625379,0.18532933038891844
472,-0.03320047782206375,-0.023203838859051723,-0.05740445155102571,-0.0011111031746033123,0.5230800913041651
473,0.009534582909913759,-0.009075850438605907,0.032435205950123544,-0.004052145208547897,-0.2984280325766241
474,-0.0020810148538334882,0.007167895940870914,-0.013826408889149223,-0.03478260925061968,0.33465087774754815
475,-0.016762945139557887,-0.012731306442601408,0.005475327646628334,0.0022316224850258163,0.11039780835967715
476,0.009462468699322048,0.02466961993864115,0.013118845209212643,0.05385121962970116,-0.29322060471413464
477,0.03765659797979764,0.006175259907761528,0.01807965617656392,-0.02089363783634375,-0.12077425523115945
478,-0.028035245602826865,-0.023384104852516387,-0.02535801895275493,-0.024456561114372985,0.10468712870706316
479,-0.024517250613208034,-0.016784671201850947,-0.02642804584465048,-0.015811904240732647,0.5770632480660162
480,-0.0063244106776181004,-0.013430388566835514,-0.008851820716949316,0.010738375361817447,-0.13689427745502578
481,-0.00041331624037135173,-0.007708725476319972,-0.011567585268351109,-0.04167350587503747,0.003967051362260203
482,-0.01571157694533973,0.008760314049586722,0.022201204906645722,0.040649664483932105,-0.16097517369860517
483,0.02234733279297051,0.0009011961478159937,0.005555989514638944,-0.009166677980565703,-0.13574515656340222
484,0.006984953455749307,0.008512736490345462,0.015152825830544246,0.01650271670688335,-0.07965461086103438
485,-0.01746367702412494,-0.016557105888784035,-0.017318142547944324,-0.007625451030054125,-0.1448306988978567
486,0.008388720790884683,0.023355632967823378,0.010573967419470288,0.02445673820091387,0.04879059214506382
487,0.035334757092997965,0.025967749999999984,0.03570837959987349,0.012742979478070552,0.24700391109456457
488,-0.013126444227360371,-0.010690142975237949,-0.019082785286378395,-0.006450569403518541,-0.02859810861779111
489,-0.009431728913380314,-0.021293508491232172,-0.016511329622735077,-0.03390512129039636,0.08305980563303264
490,-0.02425126198530113,-0.014206851761649384,-0.005319148936169747,-0.0044802207291145925,0.530561405332192
491,0.0035863218751227776,0.020093905954046455,0.004846273395721275,0.028335703447548093,-0.3968601370523768
492,0.024931438129620672,0.0029869620653842368,0.015632770403579556,-0.006888710648258918,-0.14694720776894013
493,-0.00413526304815943,-0.010785544281802178,-0.016947756811427604,-0.019993512159347797,-0.07265958639154299
494,-0.026705740107473584,-0.010089487223929773,-0.008911468310152122,0.004163544147341322,0.11650448150637426
495,0.006775949416296304,-0.0014795412960855504,-0.0006722857142845829,0.005141413223034304,-0.048292928199487786
496,0.010801861417562546,0.00905498002004433,0.015220358479991637,0.0014850260002055857,-0.14087202034203994
497,-0.012659276405108867,-0.01778430383774992,-0.015489124107783,-0.01227446257743196,0.06004390045929645
498,0.01282158843708602,0.02591357930376093,0.019266372040497977,0.018765637718671485,0.3811273007835711
499,0.016522827512982705,0.005343288666044697,0.011060635393138382,0.006958640901209083,-0.3653930992750401
500,0.0016981966133527069,0.015944628764695906,0.004735096819904846,0.023577252032520576,0.1806134312436814
501,0.021231911974685536,0.007688593605308112,0.02096369545787005,0.002462247776612731,-0.09565465554893664
502,-0.005296426877470524,0.006214119551973055,-0.004058917563725813,0.013390404986850225,0.041104485021446154
503,0.024795318687191873,0.019308951208707792,0.027009789252115363,0.019233768268432174,0.064431683533673
504,0.006591748893178507,0.02032359859133144,0.007391822054410605,0.02025160309718067,0.20082368540125295
505,0.020955323090400383,-0.0014280442723717712,0.00895963536757843,-0.013233045112782192,-0.14309843682483409
506,-0.0006036975368637859,0.013624372738079675,0.009951679937545622,0.024306521475673734,-0.0016790636622181702
507,0.018876472079787283,0.002524847689740683,-0.002046456562762974,-0.01785311407402996,-0.04430650896002416
508,-0.008299948002075687,0.0,0.015038697705037532,0.018707877139345734,0.024354870515507766
509,0.003586877708054309,-0.002444459259258894,-0.0026938042703813325,-0.002527851301115132,-0.049522592227391665
510,-0.005882412377905696,0.005940469383536898,0.0004501575664028168,0.005068515054607043,0.11000395655327687
511,0.011310082065390985,0.00044288772094996074,-0.011474411623651853,-0.012829984064966478,0.005814508583321562
512,-0.01970080670416737,-0.013133616270446336,-0.003869167800153447,0.0029299000606276453,-0.27385898243160356
513,0.005137443297541215,0.0029906093457941233,0.0008377836823048869,-0.011685378277152977,0.22832334259540246
514,-0.006614469680557271,0.007230719667419839,0.005707328035694628,0.018038539972130313,-0.06987400448168012
515,0.020202768758996913,-0.0004440275475137827,0.010593174618851026,0.0029779182486198742,-0.1494123255887863
516,0.0013349625256245438,0.0025914853041821106,0.004118021924498923,-0.002449539768041514,-0.013291961300409084
517,-0.005184779097280251,-0.0028801417065164405,-0.007680254957272429,-0.006027211890967819,0.6323380160507033
518,0.016082220476244517,0.015182957630485445,-0.004734032089960103,-0.0007486599678294597,0.4021980306254339
519,-0.0343665418453399,-0.02560741825890513,-0.01041895078336678,-0.01513327135550779,-0.2730723158681939
520,0.001972939763037117,0.0038185759781160324,0.005798389863518644,0.008215319812055668,-0.31595555333008635
521,-0.006437375379139992,-0.019243692588155788,-0.03891378989738625,-0.03538550813111909,0.8308979425062339
522,-0.015168876969756509,-0.007909407258750518,0.010023709787458911,0.0019554791076324602,-0.3893716920111053
523,-0.010139303641005348,-0.0053660177546801194,-0.006564069652543416,0.012802489642350357,-0.069911155713807
524,0.023144945055477765,0.01163772639691762,0.018485007908873207,0.003622645150970045,0.010815543151457855
525,-0.011004982300115172,-0.013103779258866625,-0.020620930510376913,-0.02580453743466829,0.1152022265753114
526,-0.04566883407251884,-0.02524313861897464,-0.0318586946117605,-0.007410279974935645,0.432282062694727
527,-0.0008097004048586393,-0.012908830591007635,-0.004235538101382282,-0.02493850290084969,-0.11075146579907817
528,0.009562398548421242,0.012114915052269722,0.016441734151329827,0.017919720239139122,-0.05626166174715147
529,0.013405024668405048,0.013793079448385488,0.012795718448482487,0.01984473057658076,-0.22617613802211045
530,0.004514851485149139,-0.007506443095678519,-0.005403257932510092,-0.009258532975877642,-0.09367172050098901
531,-0.0020501655890245983,0.0004726857322927756,-0.003115754623564618,-0.011245735596240114,-0.146834921327611
532,-0.026864681208354033,-0.01630049635877684,-0.015387065358127224,-0.0012815058274970297,0.46207388673395017
533,0.01680739633623286,0.022414369555145815,0.018232109569981926,0.021012077616295515,-0.17011726342158578
534,0.020681920769417803,0.0021922877999349154,0.0008793045704129726,-0.0147670884418677,0.03172511062738392
535,-0.014160522609919927,-0.0004687343749993911,0.005830229261482512,0.013314183209758367,-0.2043308943520052
536,0.014363923270153987,0.0029701812885691323,0.0030172939015828287,-0.001573532676216194,0.1413249351353327
537,-0.006728219370990211,-0.007247568183189982,0.0007916244458521374,-0.00039404254698121487,-0.2143272762621598
538,-0.004095754600627992,0.0019624774469144727,-0.010599557199803593,-0.01237681533112887,0.6725425490358944
539,-0.00688074965389468,-0.014415512491503203,-0.004237280072956856,-0.005348004512674905,-0.2463868128709346
540,-0.003902190013540074,-0.0035771461786059024,-0.0048976393842404655,-0.00264827860807181,-0.05152073099419305
541,-0.006395930502142984,-0.0008775428939379965,0.0008875342764640702,0.006276142631768044,-0.12357419227022011
542,0.003218546855637442,-0.0031140211292556043,-0.007416412557441528,-0.012154142206206309,0.28594154075058925
543,-0.004892524863651284,0.010492639335083657,0.005847486538962178,0.01902216270825453,-0.013904120730638464
544,0.01692591279116639,0.0012681990720295902,0.007912830164114861,7.945825783937531e-05,-0.05469919235645424
545,0.0034081002363179503,0.01694115737808715,0.011055010637586859,0.006671929997269122,0.047091373758753274
546,0.0048183334094522075,-0.005527066490040118,0.0024562079269169392,0.003077158009738539,-0.23555114120515305
547,-0.001493609004744588,0.0034442426614487527,-0.004584216042938685,-0.008023251978837461,0.2515651949175328
548,-0.003857644556549849,-0.005850690290183361,0.0012704144629123214,0.00983266188381037,-0.24813728464987558
549,0.010195218605825338,0.02432510162703815,0.007692323674739083,0.024577919506523275,0.810578374661822
550,0.016585839461743978,0.00045972884340443176,0.018257645392302978,-0.006437745445669782,-0.352506797789622
551,0.003309165717882816,0.002220466973026096,-0.007187510682335985,0.003933932458608182,0.4632735316664087
552,-0.004372110315722229,0.01268243572986844,0.009263482291418546,0.01260083807610485,0.053441158852038796
553,0.007010816478949551,-0.007846155989901741,0.004550798513727912,-0.010091707038788315,0.1264617970941383
554,-0.003136745299079739,0.006843654735139531,-0.007908460998600722,0.014103908487449222,-0.2688307742858636
555,0.01404452768892048,0.012612324972062373,0.018651713253138136,0.012698359500414454,-0.061254052995544976
556,0.012412010428667831,0.001790013398119663,0.012232191621037395,-0.0020898567574224457,-0.19482078958488336
557,0.0050832995415036305,0.0023823107751929974,-0.0022517676875100285,-0.0021689828459746925,0.14110957216072142
558,-0.007363257880921058,-0.005570410023547733,-0.000902693194304292,-0.0022487294131251726,0.030165475688025557
559,-0.00037466654710942824,0.010157599597861226,0.004066019186297146,0.012545999454991626,-0.12251973265031298
560,0.010419001261703115,0.009168243992605418,0.007499062279755093,0.011500244928773606,0.03936159764809205
561,0.010163167429602812,0.006740412970165978,0.01131365040653662,0.004621176489090141,-0.020055424661650657
562,0.00315787623056324,-0.000582213795728601,-0.0008095974390812727,0.002263412559551541,-0.1703345167827456
563,0.009516749215955482,0.0194422046247407,0.014658257758481147,0.01959643710653613,0.5023606384965073
564,0.015736135565023915,0.02249995714285668,0.01684215607985463,0.014718468826599336,0.3719496884059628
565,0.02477322643383631,0.012155117519599735,0.01849073228075146,0.017955238193064514,-0.030228744576260423
566,-0.013654668354344805,-0.005728490618596676,-0.013949291631872177,-0.009199709037850876,0.0063281848718358125
567,0.008263864835938939,0.011037040275399597,0.014075467606106846,0.013054984185458831,-0.0538448787834303
568,0.02423822767075301,0.004600158102306042,0.009463764856519532,-0.004203714394572466,-0.2361688964349072
569,-0.014910114873326323,0.007791142328199184,-0.0025694097222221453,0.00788926643598727,0.3214612901492423
570,0.0282580506023598,0.014308964463835462,0.028197367256235218,0.024100487668912228,0.2600858300992478
571,0.007697494624005159,0.0028748611344257113,-0.003995104468889496,-0.004492108796195701,-0.15923158295736786
572,-0.00522646725990206,-0.0016000333333333098,-0.008226195070397985,-0.014075950002045952,-0.12702548111173712
573,-0.031725763019800776,-0.037994045071916754,-0.028859383436407347,-0.02691442056776038,0.3022281703009293
574,-0.0020173426086959184,0.021031435085582716,0.009105731758392476,0.025974005461017795,-0.2065688032900012
575,0.014429052690622095,-0.006594160166111925,0.011681574693823442,-0.005131714203149794,-0.22165542293720816
576,0.002817309165239849,0.014165413872394459,0.008158701232154593,0.009628673024567647,0.0312653763326163
577,0.011031937631465724,0.003508798991406189,0.007612646699302568,0.011989066512485236,-0.0761693445153886
578,0.004879708474150262,0.007463696829856685,0.005309004972896715,0.0028945005774701255,0.013810159641918599
579,0.005732723929783749,-0.004137989666449085,-0.0145564931866582,-0.014900335092947992,0.44708914723866217
580,-0.028902877846796276,-0.015012438140290964,-0.020680246911434042,-0.01219600702606781,0.1346383180084455
581,-0.0008286444420777233,-0.0028577124388805882,0.014311835977149214,0.004552372866668075,-0.5232579844481522
582,-0.002142490812876391,-0.0015012009245746977,-0.0032508022790047404,0.0015105877609897908,0.24234957980229233
583,0.013713782597527572,0.004236964337633748,0.007910616834982218,-0.002330981747354607,-0.1073329869421917
584,-0.0037578778097978457,0.007417461873102803,-0.0004819759036133114,0.01264428909718938,0.030321246819342524
585,0.010013071943118498,-0.001688732854775847,0.007576842905620366,-0.0027823289713467527,-0.12993890711968253
586,-0.001969226537129722,0.0003383381985811917,-0.0007519893406625246,0.0007485607502253017,-0.17688310628491777
587,-0.0042862295356164825,-0.004937736876021419,-0.0036942806826882595,-0.006255943237535248,0.1665836884155908
588,-0.0010250016662113415,-0.0027870572851132797,-0.0007553457132684377,-0.0003421582068018334,-0.09640510800564522
589,0.0016416211007164582,0.006884867216459224,-0.0015118265114949644,-0.0033540284305309167,0.4112642535990498
590,-0.0026631999089966937,-0.006702362420169843,0.0015829043031749177,0.0017856798714698471,-0.297430860103355
591,0.0009585689635351624,0.01588060239994103,0.0021301243876189874,0.020773330448557652,0.4905626527266537
592,0.019016341486882287,0.002616564858438741,0.016662150758698504,0.0014104842595911847,-0.1785713297529418
593,-0.0028865408949014853,0.011710385282248974,-0.012140034743642444,0.013547880071849101,0.7397221052631565
594,0.011377427491867206,0.0032408955190032316,0.017887587779834402,-0.006154003644586615,-0.10713193153655519
595,-0.0028622313216333517,-0.0063290614735190785,-0.01971964638056654,-0.0255010383447501,-0.0640108338203424
596,-0.031842482673380794,-0.018046715644594678,-0.01128973019321405,0.0023230117359731503,0.007347728378472481
597,0.01661727240306994,0.0033783783783785716,0.015778539792387178,0.010156816840288765,-0.30370985380685267
598,0.005900678161955091,0.01138048484848461,0.007562338244735629,0.010257135970616572,-0.006900128159393178
599,0.007686595747914182,0.004461009328703643,0.008519812080058456,-0.0006012423738642692,-0.1916689671687848
600,0.0024088391249691694,-0.0035794378657068877,-0.00905123066917467,-0.008421294226082024,0.2136529345929751
601,-0.00974562458775395,-0.007983049122662796,-0.001962165048129265,-0.0055271501379949885,-0.1761971680569855
602,-0.005864576776626161,-0.0024811897291164985,-0.004609809660694302,0.007184580793629858,0.14826368597367753
603,0.010306509636737645,0.03186557983193178,0.01212285619937561,0.03041715220388298,0.6299782805040658
604,0.02456378523489963,-0.004495419750620761,0.01803372573828325,-0.008424719449605217,-0.049513669691182254
605,0.0011135726159157743,0.01426696961517671,0.006940333456160037,0.004478647112182717,-0.0710142262105113
606,0.006804900781195968,-0.001677603605048143,0.00039384273057170116,0.007474913365514476,-0.11452840548997328
607,-0.0007148892154054157,-0.0005816701099944636,0.004527572356728522,0.004230452491913987,-0.18711532647594556
608,0.007869446145598305,0.017008277274517276,0.008491756704990357,0.015489299763655992,0.42328576840510485
609,0.012970219958894061,-0.001398969903311808,-0.002655631858641056,-0.01008361082285161,-0.09550634857550568
610,-0.00949159789760767,-0.0059220073959123706,-0.00019482400817870206,-0.00670488036422712,-0.2299711637431765
611,-0.0031513601147542566,-0.0040356479147035,-0.03410198182725453,-0.03310187426680621,1.4586245347321452
612,-0.028193516129032557,-0.026112671111723735,0.00033626765977601264,0.0038934147553639285,-0.27317783966862885
613,-0.0018588527564615074,-0.0023113921848019843,-0.012369721008403459,-0.009562072693505834,0.06730186134761865
614,-0.011905606442077384,-0.010789732736293281,-0.00367578099038101,0.0061436945093063695,-0.23802269610224586
615,-0.0008077275283753458,-0.0031450815960246156,0.005807242119533991,-0.001610454281758169,-0.18308071559882147
616,0.0025599905340882435,-0.0010068738604620622,-0.009917171512585013,-0.0183479745173458,0.9088780479200901
617,-0.03373205055688515,-0.02674378989916297,-0.030804000782244458,-0.021361057392318153,-0.049202733835994265
618,0.0009039638198057889,-0.0016569318325582243,0.010688716339244777,0.0034279487417383336,-0.3858545873019602
619,0.003612895333080638,0.01265551123144482,0.006443465516482909,0.016872433368940065,0.007520373447265613
620,0.015230163002357121,0.00443904275813248,0.013500362146841593,0.006719204385908627,-0.15138022336439155
621,-0.006750699219257721,0.002651611331906022,-0.0005493065129727061,0.0006129265053059675,-0.17520998423768797
622,-0.001304428084458862,-0.010239329963794215,-0.011953771804805906,-0.010549979724339915,0.38656716138816444
623,-0.015260885301018351,-0.008289990010756592,-0.01481021343574272,-0.023801273433351745,0.4696058162633662
624,-0.005445019197207706,-0.002072559585492451,0.002399583564124607,0.006482967895625644,-0.3154040063392263
625,0.008352656641028324,-0.0004845413738565641,-0.005280574563687377,-0.009311783108426284,0.19375754001233353
626,-0.012251217812857606,-0.010112252039332229,-0.01535955560135621,0.008127166077738465,0.06268927548404556
627,-0.0009866032834364839,-0.004967751258994976,-0.006038365278999889,-0.024605644217552545,0.03890971644005148
628,-0.01601290970700107,0.00021094155490843832,0.007883105290139926,0.014158416085658097,-0.1775889424543837
629,-0.00014340812447458248,-0.0006328107201623568,-0.007103946562112653,0.006307129145297203,0.029185850798468912
630,0.02574028087947076,0.014562132165829635,0.03143749481236929,0.009084457746478942,-0.2582085552822543
631,0.006780378956806016,-0.0002774095113197471,-0.0011210972455083278,-0.0027217462422512674,-0.0479405566255821
632,-0.012219641826145463,0.004369572968421374,-0.005260942834749678,-0.0006297830915241239,0.09662567292575432
633,0.0067476767625601715,-0.010772723027038755,-0.005429835772228318,-0.009103025125733874,0.13317931738559943
634,-0.013893674897540537,-0.012914527050610879,-0.01304591669967022,-0.004239919590132053,0.07841075416336203
635,0.006159699583697275,0.017538975284539203,0.016594813576038123,0.020225611518682244,-0.1124339312898102
636,0.0116811131399549,0.0070891643352392055,0.014133277299599536,0.007512528085438981,-0.028134481333083692
637,-0.002225825910111093,0.013388558180340526,-0.0024387918068003588,0.011806179558303705,0.25977071046198047
638,0.02481699598780736,0.015867625057685485,0.02367979117966509,0.015080122516271414,-0.10761053964752658
639,0.011495830606619009,0.003888194729344641,0.01071301240437397,0.0033611186932350806,-0.23514478475076245
640,0.0007397511917913816,-0.0007345642737897239,-0.0016878207429051023,0.0014739448436938832,0.05139099057152798
641,0.005913608035933078,0.00360862071377114,0.005207303888797341,-0.0052849479605286825,-0.04131485973852497
642,-0.006747337741368203,-0.0053935147007237675,-0.006862244394929372,-0.00033629026382037597,-0.13862650594225281
643,0.0043718659577823065,0.009841340625338134,0.00941606860236022,0.0045748654774951615,0.20056545072416365
644,0.00020089064218955027,-0.007358790966819947,-0.003489631685445042,-0.0031476090139752897,-0.07880164352786932
645,0.003079847328067393,0.022974701742460808,0.008283358869844092,0.024991607994964492,0.7840819753667441
646,-0.017354197560543308,-0.02108765451573563,-0.02210791462658323,-0.018155626092355843,0.24855937224901756
647,0.012022850074563485,-0.0016006735814237548,0.009493879940062335,-0.005607449820944933,-0.4030701094489777
648,-0.0022149203901299743,0.012491717017202515,0.005750953875149518,0.007115983822422954,-0.07328629289043916
649,0.01163725920523992,0.002639004958282835,0.007870925309287536,0.00979869991204656,-0.21137264546743484
650,0.007912780157675561,0.003026860544667814,0.005473180894992305,-0.0034985674467436613,0.10792401603331477
651,0.002045104868120938,-0.0015088631539857112,-0.0038502456442532696,0.00211971373318809,0.08393631218685098
652,-0.0031601488126942055,-0.004139224785924409,0.0006664400995127805,-0.005552597868540316,-0.15952303483293898
653,-0.007991592153977139,-0.0009237579569420214,-0.0006659962529035309,0.0024594256519625693,0.032115069001052605
654,-0.0011983555499001728,-0.008584745823768305,-0.014727389240669493,-0.019163185719291546,0.14790474731412906
655,-0.007065704384330227,-0.0046627054998102735,-0.0011499018809641092,-0.0003380408374534471,-0.3710412029373915
656,-0.0035580959659865133,0.006491340731040881,-0.0013542592732919446,0.01433698567447677,0.5561951219512199
657,0.013070148160688938,0.009840499062785805,0.013222111831356222,6.663777363052929e-05,-0.07180114099429516
658,-0.002859566497957986,-0.0025678166128585743,-0.0006022686489726081,0.006666666666666669,0.000563971983761249
659,0.007069481031487184,0.023169812424258467,0.011048674462265755,0.016490099337748892,0.49869549515494116
660,0.0179470662251655,0.023677406451613606,0.013643273937238486,0.02853599490077522,0.5519913970745538
661,0.025632599183994957,0.014810651223428112,0.022737640848004996,0.01697604411782031,-0.14889677474121624
662,0.02556295054473648,0.029064668263205154,0.028556832738496865,0.0029274431094219572,0.0013835656609745386
663,-0.003463619645259072,-0.023536475984366187,-0.012049701863355574,0.0024220593113377644,-0.18239876596074486
664,-0.002296394063319365,0.0021013349424966127,0.0036464290663452076,0.003283551123633707,-0.2767365077117381
665,-0.007340547433902852,-0.010423103555094437,-0.02054621661579857,-0.03167842371645672,0.10791551258501017
666,-0.0012534435747698432,0.004612059917955785,0.015541007831023955,0.021873649918673396,0.15317607374239378
667,0.003890380996749693,0.02686272067916531,0.007116348950276631,0.031577620083075006,0.9611451274504725
668,0.0468153682475349,0.028878678615788373,0.02882692007037231,-0.003206285483249531,-0.1263765591235982
669,-0.0521852830710594,-0.03581917729032527,-0.04090437027231734,-0.0061298111032388625,-0.10071060982226518
670,0.03326193041256328,0.004628562812945172,0.01216728747463979,-0.011724469092711411,-0.13687442957103713
671,0.0016460736094122698,0.017701248036441217,0.028549949733596834,0.02150278723437503,-0.08918677784264316
672,0.029155817177495214,0.02203953353468166,0.024713884981214008,0.03544632078318242,0.12008149064625107
673,0.018038815731738152,0.025527479595203042,0.01401925303597988,0.02278308890922675,-0.028291920462039325
674,0.016150577582333965,0.00448961677979496,0.018863509411779136,-0.0029700936375349238,-0.06901945231963721
675,0.0017151849130362983,0.016294229137199665,0.004427345957075543,0.028013285151388893,0.05948200437554023
676,0.03373088159285317,0.013917496689931544,0.004808500717745942,-0.020674238294916228,0.3278458822887144
677,-0.03240942558550673,-0.024103661557577222,-0.018914100261573853,-0.008023232957116506,-0.09042594151542889
678,-0.0007988530670473365,0.009902075787608204,0.0005806340859150825,0.02850915472369349,-0.0596719481361812
679,0.0238135913208062,0.00913648467966584,-0.009053438675101857,-0.03926384764198713,0.14590278132780185
680,-0.05215309042923417,-0.042342928355652516,-0.0062078945827229925,-0.006501776573255277,0.30127282339608685
681,-0.009709845630370481,-0.016659935339482974,-0.013141581552931375,-0.008121999580004775,-0.4499431262015006
682,0.019491318157186032,0.015359332684262157,0.00991274292733155,0.0190869219440355,-0.15175196815601197
683,0.008626690471283754,0.015357991028140481,0.017916267085981867,0.015318769428326344,0.010411697422517192
684,0.016239095663856642,0.005629506393554639,0.018123788026388414,0.0036438169189470515,-0.2580845777894024
685,0.007051407208936624,0.020186552891606348,0.01026988622650997,0.022974829946532653,0.09601121179227645
686,0.0173358635120189,0.005043808946279341,0.008245281201124352,-0.005767254413937802,0.056389783180904304
687,-0.004607026984746018,-0.0038603484932406536,-0.0021845068178150545,0.0005020469826213859,-0.21221237663356732
688,0.0007806780708112188,-0.000332159654205728,-0.0002806949605965552,-0.006578258262396248,-0.041314281406727854
689,-0.007689335222102011,-0.007421005416475104,-0.00466057060274167,-0.0035352974781473418,0.07175982466999997
690,-0.0014599023293818598,0.020364944939238915,0.00253871156884513,0.025004155121759783,0.6310357261603167
691,0.026992087645592668,0.0003280675763316374,0.007934207104048688,-0.012691599711323743,-0.0495511920519021
692,-0.016536187468208677,-0.015141598172716455,-0.02501114406574209,-0.026599883582635653,-0.04805941774476911
693,-0.038472267476909995,-0.027029999745018532,-0.017178195242659337,-0.01669333428645489,0.02503131029347182
694,0.00110018531152572,-0.006617250314593958,-0.00355395014888183,0.000988360465115575,-0.10520618343928223
695,-0.022037116212835002,-0.009417704200170192,-0.016722218422043935,0.00011618749046011059,0.23130790193878387
696,0.019162555959751765,0.01553619130434731,0.015757917770801433,0.016783785158443507,-0.2868648703327671
697,0.022051925752300992,0.011416828861273482,0.023416460813048195,0.0025702364339701567,-0.017508927832640627
698,-0.0019304792735195776,-0.0031606164472532034,-0.017332192418914264,-0.019028069384310356,0.12967815071679614
699,-0.025258863495612842,-0.016079696978815936,-0.004074725120921477,0.005110662580746023,-0.04810320711714513
700,0.0009921734794478734,-0.00713549319332227,-0.009819346772326931,-0.018894111444740562,0.1307284363158994
701,-0.008804122465282917,-0.008461754139516778,-0.02048286357398348,-0.021024775835840268,0.04241908512511932
702,-0.01776472941176405,-0.008183358566946677,-0.010606297329078687,-0.010347115691441824,-0.035801297263090365
703,-0.01533116577628877,-0.01974299350660672,-0.011450786211204485,-0.012765127127990796,0.34377847419342394
704,-0.02676069853741232,-0.02422893616029591,-0.04682689993542361,-0.0048642877935026274,0.32109119414174675
705,-0.00649923743283996,0.0028342082039267908,0.014996813477636817,-0.011384705215465534,-0.28649258816990825
706,0.028431275089476574,0.01001477052146602,0.005094911346454783,-0.0005632557301488388,-0.06496721889076162
707,-0.006422036697247038,-0.0033457205629642685,0.0029146621441982308,-0.002943208680027599,0.12633813990817835
708,0.020067775070502607,0.03973394872397315,0.028557013068972435,0.06977767196471725,0.4754318410293659
709,0.026854123541254465,0.027296705818724905,0.04121616631665578,0.02612573796599848,-0.3578728401312245
710,0.02262571056357061,-0.0009143085714278448,0.016518217701558313,-0.0009726398957116967,-0.2538280584655226
711,0.004252658015420628,0.005948347196255762,0.005919586859956901,0.007044241412036069,-0.015074135377241442
712,-0.0015450872675260119,0.002046850066895892,-0.006980943783754453,-0.01671975697724648,0.05303935850616357
713,-0.016047702110217544,-0.012142526891099058,-0.00836626796323124,-0.002949653080959806,-0.07775495117878742
714,0.006873299441478651,-0.0008616254728909555,0.001581931164011708,-0.004234555393204204,-0.06322894207752566
715,-0.006537110919026221,0.008048341616240183,0.0028078151999028295,0.018466724491046468,-0.03135226378360696
716,0.025155809122595185,0.007413675252455199,0.0202415046473232,0.008293753837513846,-0.04736386330469695
717,-0.010849213106801342,-0.00662325524902112,-0.019153751371769726,-0.023598842884042265,0.27468471627972196
718,-0.010393918745801332,-0.013676738401566827,-0.02046056507501178,-0.020218429590356107,0.0858936080531864
719,-0.02878202833189821,-0.020221862488770122,-0.008807397415209719,0.0014231854923099565,-0.12653401668377756
720,0.02150926753627551,0.019872596769989703,0.022154190948057352,0.02315246260207113,-0.27450209141908993
721,0.00514713104552124,0.002254981247557202,-0.0011747254038183934,-0.0013889114516026071,-0.021590534709584976
722,-0.004771643708874845,-0.008249636742809848,-0.009291396484126798,-0.021269185373471094,0.13750012259429115
723,-0.0070747354678979925,-0.007969350055973679,-0.013533560791039106,-0.009355767131816677,0.18944579123514918
724,-0.02850082911608946,-0.022575297044840976,-0.02430957308731518,-0.017812288981249882,0.10136313059740669
725,0.00339433272867827,-0.003239594417906192,-0.01480107362816179,-0.02586416637628291,-0.012654284423032198
726,-0.07828918417315579,-0.019861499363039308,-0.04851330203442915,0.016680189187472688,0.568145256262692
727,0.07379731191771778,0.013939139799601733,0.058355230263158406,0.012965472134524614,-0.34838236596468225
728,-0.004760730096697375,0.0018168786887380432,0.009697258957458385,0.0016377858063289245,0.03351374624622993
729,0.010057641482370117,0.0071334059621983754,-0.002831940034621734,-0.011627895216445423,-0.12184530058933313
730,-0.0018821979699252362,0.004561794553597025,0.006050478446314264,0.0205882418000285,-0.044919160844522944
731,0.024819040238573203,0.009261490145425254,0.015955851781942174,-0.001981280043003269,-0.038211447378982244
732,-0.023624360280023644,-0.019892255760055415,-0.02083960699173149,-0.01840821797288574,0.09205721559135253
733,-0.006869742632690743,-0.003201443614591974,-0.018877315772585463,-0.023717564793988597,0.1514452358091742
734,-0.027791344100200118,-0.012968118701536439,-0.020372171419801882,-0.011676088920098658,0.36019427746456056
735,0.016748450338501725,0.0032539230337088805,0.023170737679640015,0.0349974271468823,-0.3026604233527999
736,-0.007926672230038618,-0.01848115125191529,-0.021516893005034187,-0.02718621099452979,0.15184642922358474
737,-0.007927615629106943,-0.00692063100517873,-0.009488370547208228,-0.02390870492281827,-0.07947352433027763
738,-0.047064722390064824,-0.03239580633096304,-0.02847892556634246,-0.02656240616719266,0.12129512086715497
739,-0.003631581451929292,0.009408331475744233,0.0018654163145072234,0.029677341311823254,-0.1450151335254256
740,0.04075552845946366,0.028475880958210086,0.027131279853328007,0.02901541115521007,0.10042457158285344
741,0.00993312938682343,0.006249999999999824,0.020523098901582024,0.006454032369297337,-0.2608479748817693
742,0.011979030250432359,0.021614881987578532,0.013512592351945168,0.020918945988013762,0.6334199118169052
743,0.0186904248548504,0.011369224498278676,0.02034301515845691,0.008537681632825575,-0.22427268024000904
744,0.012231668161936788,0.01845501586576343,0.011655782211390766,0.020800591945803287,-0.14903654471179958
745,0.01498404975482025,0.019006026667525305,0.01661506235849728,0.008233621267412854,0.20275106706569296
746,0.018274855102241933,0.008688600606398126,0.015269985634476067,0.022677867582721507,-0.08087988603210065
747,0.01648548481802344,0.006546456911373036,0.0149227007551911,0.0037340953286683328,-0.10634695566694827
748,-0.009834408504876954,0.002567303757230146,-0.00434153400868307,0.005036658625019026,0.12198837437396226
749,0.026253145452206743,0.018664992173561882,0.025232534883721684,0.01913440139631925,0.11306058631056833
750,0.01052691708045733,0.0033518016689510675,0.0020415164351025943,-0.006649547124794304,-0.07909580929998618
751,-0.003976516315152132,-0.008796848678821348,-0.01301642919665716,-0.017775794166039815,0.11244456631099788
752,-0.021423735299679378,-0.017693613535322974,-0.01410545920087622,-0.0017181318268239504,-0.2362898146809335
753,0.0031029592777280734,0.020642725850790328,0.014539955629406959,0.02369344298885212,-0.02835331220663858
754,0.016784057297997833,-0.0010644965806348248,-0.00011467553182030688,-0.01894196347296603,-0.040102839865879834
755,-0.028957740845069743,-0.02619179989581922,-0.024595763382590927,-0.018450794224275202,0.21330539578048655
756,-0.00696215475190257,-0.001555053805360101,-0.0016457943441546582,0.0018040912319837665,-0.12872506703436393
